project;number of commits;number of authors;max time;min time;number of stars;number of forks;last commit date;LongestGapStart (YYYY-MM);LongestGapEnd (YYYY-MM);LongestGapLength (months);NumCommitsAfterLastGap;NumberOfGapsInTimeline;ActivityPattern;BeforeThemes;AfterThemes;HypothesizedGapReason;HasRecovered;WhyRecovered;WhoRecovered;Currentstatus;RecentThemes;Notes
vida-nyu_reprozip;3243;45;1770178021;1399066892;363;37;2026-01-18;2025-02;2025-11;10;9;3;declining;Other:Bug fixes;Other:Dependency updates;A pause in release and maintenance work is plausible, but the records do not state why work stopped. The final pre-gap records are merge commits on 2025-01-27, following test, buffer and documentation maintenance. Evidence: 2025-01-27 0d41913a61ec (Merge 0edec88ab63cb1b724af291579a74a654d0bbe07 into bdd6546964f4bf1b56d59955c5cdaa78e84c1935).;Yes;Work resumed with the 1.3.1 release on 2025-12-08, followed by 1.3.2 and compatibility changes. Release notes identify GCC 14 build and path-buffer fixes for 1.3.1, supporting maintenance-driven recovery rather than a demonstrated change in funding or staffing. Evidence: 2025-12-08 4fa2646ce2c7 (Bump version to 1.3.1).;Remi Rampin led the resumption and Brian Hoffman also reappeared. Alexandre Detiste is newly observed in the supplied project history after the gap. Returning versus new identities were checked against all pre-gap records.;Inactive;Other:Dependency updates;"The supplied longest gap covers 2025-02 through 2025-11 (10 complete empty months). The gap is easy to locate but difficult to explain causally. Release activity resumed by January 2026, but the newest supplied activity is still before April 2026, so recovery from an earlier gap does not imply Active status at the September 2026 cutoff. For the 2026-09-30 cutoff, Currentstatus is Inactive using the supplied GitHub date and summary evidence; RecentThemes uses the latest available export, which may omit newer GitHub commits."
llnl_mgmol;1692;21;1762220537;1499309382;47;15;2026-09-11;2022-03;2023-01;11;659;2;U-shaped;Bug fixes:Feature development;Bug fixes:Other;An interruption between numerical-method development and later maintenance is plausible. FIRE work ends in February 2022, but completion of that work is not proof of the reason for inactivity. Evidence: 2022-02-04 f04a0ee3c19b (New FIRE implementation (#200)).;Yes;The first returning commits repair mixed-precision builds and runs, followed by timing-script, finite-difference and LBFGS fixes. These identify the technical work that accompanied recovery, not the maintainer's private motivation. Evidence: 2023-02-03 098e14200913 (Fix a few lines to enable mixed-precision build).;Jean-Luc Fattebert authored all ten sampled post-gap commits and all ten sampled pre-gap commits. This is continuation by an established contributor.;Active;Bug fixes:Other;"The supplied longest gap covers 2022-03 through 2023-01 (11 complete empty months). The long pause and concentrated restart fit the supplied U-shaped activity label. The technical direction of recovery is clear, while the reason for the year-long interruption is not. For the 2026-09-30 cutoff, Currentstatus is Active using the supplied GitHub date and summary evidence; RecentThemes uses the latest available export, which may omit newer GitHub commits."
scifio_scifio-imageio;322;31;1751030893;1300299218;16;14;2026-04-22;2022-06;2024-05;24;22;14;irregular;Dependency updates:Other;Dependency updates:Other;"Low-frequency upkeep of an ITK-dependent module is a plausible explanation. The last pre-gap messages concern ITK upgrades; the data do not establish that a blocked migration caused the pause. Evidence: 2022-05-31 76e1d922d312 (ENH: Bump ITK and replace http with https using script).";Yes;Matt McCormick restarted recorded work by upgrading CI to ITK 5.4.0 on 2024-06-19. Later commits update macros, formatting and CI compatibility, which supports an ecosystem-maintenance interpretation. Evidence: 2024-06-19 850ef4844648 (ENH: Upgrade CI for ITK 5.4.0).;Matt McCormick and Hans Johnson are returning contributors already present before the gap. The first ten returning records show no newly observed contributor identities.;Active;Other:Dependency updates;"The supplied longest gap covers 2022-06 through 2024-05 (24 complete empty months). The 24 empty months are clear in the dataset, but commits provide no explicit abandonment notice. The restart is understandable as compatibility maintenance, and repeated equivalent messages under different hashes should not be mistaken for independent features. For the 2026-09-30 cutoff, Currentstatus is Active using the supplied GitHub date and summary evidence; RecentThemes uses the latest available export, which may omit newer GitHub commits."
smistad_fast;4450;34;1762441025;1395226931;517;113;2026-10-07;2024-05;2024-07;3;445;1;declining;Other:Documentation updates;Bug fixes:Dependency updates;A short maintenance lull after the 4.9.2 release and tutorial updates is plausible. No supplied message says documentation stabilization caused the pause. Evidence: 2024-04-30 019a556a2763 (Update Python WSI tutorial documentation (#206)).;Yes;The first returning commit explicitly fixes issue #210, involving incorrect iteration over bytes and channels. Subsequent updates address the Clarius Cast dependency and build environments. Evidence: 2024-08-21 b8b4550a2870 (Fixed bug #210).;Erik Smistad authored all ten sampled post-gap commits and was already an established pre-gap contributor. Lisa Bonheme contributed the tutorial changes immediately before the gap.;Needs verification;Other:Feature development;"The supplied longest gap covers 2024-05 through 2024-07 (3 complete empty months). This is a three-empty-month interruption, so it is weaker evidence of abandonment than the multi-year pauses elsewhere. Recovery is easy to identify from the explicit bug fix, while the inactivity cause remains uncertain. For the 2026-09-30 cutoff, Currentstatus is Needs verification using the supplied GitHub date and summary evidence; RecentThemes uses the latest available export, which may omit newer GitHub commits."
mouseland_kilosort;1822;72;1762295880;1525436949;631;296;2026-09-25;2022-04;2022-10;7;984;2;rising;Documentation updates:Feature development;Feature development:Bug fixes;A development transition is plausible because recorded activity restarts with initial commits and new binary-processing work. This does not prove that the entire pause was spent on an architectural rewrite. Evidence: 2022-03-09 ebea0156c22d (Update README.md).;Yes;Returning commits introduce binary reading, filtering, simulation, template extraction and GUI work. The current README documents a newer Kilosort algorithm, which is context rather than direct proof of the 2022 inactivity cause. Evidence: 2022-11-15 927562fe182f (Initial commit).;Marius Pachitariu returned, including an email-only author alias. Carsen Stringer also returned: the pre-gap alias carsen-stringer has the same email. Shashwat Sridhar is newly observed in the supplied pre/post history and contributes initial GUI work.;Active;Other:Bug fixes;"The supplied longest gap covers 2022-04 through 2022-10 (7 complete empty months). The switch from README/merge activity to substantial development makes the restart interpretable. Author aliases and Former-commit-id records make raw author counts and commit counts imperfect measures of new people or independent work. For the 2026-09-30 cutoff, Currentstatus is Active using the supplied GitHub date and summary evidence; RecentThemes uses the latest available export, which may omit newer GitHub commits."
martini-alessandro_maximum-entropy-spectrum;405;9;1731950479;1607546094;48;11;2024-11-18;2021-08;2021-12;5;99;3;irregular;Feature development:Documentation updates;Feature development:Bug fixes;Intermittent research and integration work is plausible: pre-gap commits improve Bilby examples and likelihood calculations. There is no explicit statement that a completed parameter-tuning phase caused inactivity. Evidence: 2021-07-20 32d370a8d3b8 (Add caching for noise_log_likelihood).;Yes;Stefano Schmidt resumed work by making bilby_mesa importable and adding check_LL, followed by plotting, forecasting fixes and analysis examples. This supports renewed research-tool development. Evidence: 2022-01-25 9bdfe8ef591f (Made bilby_mesa.py importable).;The sampled returning contributors are established people under aliases: stefanoschmidt1995/Stefano Schmidt, Gregory Ashton, and martini-alessandro/Alessandro. Matching email addresses support the alias matches.;Inactive;Documentation updates;"The supplied longest gap covers 2021-08 through 2021-12 (5 complete empty months). The project recovered from the 2021 gap but subsequently became inactive under the September 2026 rule. The newest ten records concern manuscript, bibliography, referee or overview-document changes, illustrating that repository activity need not be software feature development. For the 2026-09-30 cutoff, Currentstatus is Inactive using the supplied GitHub date and summary evidence; RecentThemes uses the latest available export, which may omit newer GitHub commits."
shixiangwang_sigminer;1296;16;1766677571;1546075731;163;20;2026-09-27;2024-11;2025-07;9;19;1;declining;Automated bot contributions:Documentation updates;Automated bot contributions:Documentation updates;A maintenance lull after documentation work and removal of sigflow is plausible. Removing the submodule and configuration does not itself establish abandonment or the reason for the pause. Evidence: 2024-10-12 2324df8584e9 (Delete .gitmodules).;Yes;"The 2025-08-22 return updates README badges, 2025 examples and GitHub Actions, followed by documentation deployment. November/December changes add installation and compatibility maintenance; these precede the revised September 2026 cutoff. Evidence: 2025-08-22 131ffe859a64 (Update badges, and README for 2025 and cleanup).";Shixiang Wang returned under existing author-name variants. A copilot-swe-agent bot appears in the post-gap sample in December 2025 and should not be described as the actor initiating the August recovery.;Active;Automated bot contributions:Other;"The supplied longest gap covers 2024-11 through 2025-07 (9 complete empty months). The August restart initially comprises a README/CI change and documentation deployment, followed by later maintenance and bot work. The supplied GitHub date indicates activity in September 2026, but messages for that newer activity are absent from the summary export. For the 2026-09-30 cutoff, Currentstatus is Active using the supplied GitHub date and summary evidence; RecentThemes uses the latest available export, which may omit newer GitHub commits."
worldwidetelescope_wwt-website;886;21;1753882187;1430448399;44;18;2026-06-10;2017-12;2019-01;14;779;8;irregular;Documentation updates:Bug fixes;Bug fixes:Documentation updates;Delayed publication or consolidation of website changes is plausible. The returning rollup commit says site changes since June 2018, suggesting work may have existed during the apparent repository gap. Evidence: 2017-11-21 56e9ca9db3dc (fixed communities. fixed several broken files my local IIS would not serve.).;Yes;Peter Williams adds a planetarium vendor and Ron Gilchrist records accumulated site changes. Later work fixes links, build compatibility and a security vulnerability. These changes establish renewed repository activity without proving all development had stopped. Evidence: 2019-02-18 645509eb94d1 (WWTMVC5/Views/Use/Planetariums.cshtml: add Emerald Planetarium as a portable dome vendor).;"Ron Gilchrist/Ron returned. Peter Williams and Taylor Southwick are newly observed in this supplied project history after the gap; that means new to the observed history, not necessarily new to the broader WWT community.";Active;Other:Automated bot contributions;"The supplied longest gap covers 2017-12 through 2019-01 (14 complete empty months). This gap is especially difficult to treat as actual abandonment because the rollup message points to changes during the silent period. The project appears to resume through a mix of returning maintenance and newly observed contributors. For the 2026-09-30 cutoff, Currentstatus is Active using the supplied GitHub date and summary evidence; RecentThemes uses the latest available export, which may omit newer GitHub commits."
q2mm_q2mm;869;27;1754426224;1409012536;25;9;2026-04-20;2021-01;2022-10;22;157;5;U-shaped;Feature development:Other;Bug fixes:Other;Development distributed across separate code versions is plausible. The first returning message explicitly describes unifying four code versions, so a quiet main history may conceal work elsewhere rather than complete inactivity. Evidence: 2020-12-10 8e0145516045 (HMGR).;Yes;A merge/rebase unifies four versions, followed by imported group code, Amber functionality and atom-order fixes. This is concrete evidence of code consolidation accompanying recovery. Evidence: 2022-11-30 4ab8440fe564 (Merge and rebase commit, rebased merge onto eric-master to maintain linear history after unifying 4 code versions).;Mikaela Farrugia/mmfarrugia is newly observed after the gap and supplies most of the sampled restart work. Eric Hansen is a returning contributor. Email matches connect the Farrugia aliases.;Active;Bug fixes:Feature development;"The supplied longest gap covers 2021-01 through 2022-10 (22 complete empty months). The 22 empty months are easy to measure but harder to interpret as abandonment. The recovery messages provide a stronger explanation than generic claims about a research hiatus because they explicitly describe consolidation of parallel code versions. For the 2026-09-30 cutoff, Currentstatus is Active using the supplied GitHub date and summary evidence; RecentThemes uses the latest available export, which may omit newer GitHub commits."
natverse_nat.nblast;419;8;1755516779;1396549161;18;7;2026-08-24;2017-06;2018-09;16;102;12;declining;Documentation updates:Other;Documentation updates:Dependency updates;Intermittent upkeep of an established package is plausible. Documentation-oriented commits bracket the pause, but package stability or maintainer availability is not proven as its cause. Evidence: 2017-05-24 6312a5cd5c9a (Better documentation of UseAlpha).;Yes;Gregory Jefferis resumes with a documentation typo fix, spelling setup, NEWS.md and version 1.6.4. Later work updates dependencies and examples, supporting a maintenance/release restart. Evidence: 2018-10-22 20a9824fd3be (doc typo).;Gregory Jefferis authored all ten sampled pre-gap and all ten sampled post-gap commits. Recovery is by the same established maintainer.;Active;Automated bot contributions:Documentation updates;"The supplied longest gap covers 2017-06 through 2018-09 (16 complete empty months). The long pause is visible, while its cause remains uncertain. Documentation deployments appear among the newest records, so raw activity includes automated publication as well as human changes. For the 2026-09-30 cutoff, Currentstatus is Active using the supplied GitHub date and summary evidence; RecentThemes uses the latest available export, which may omit newer GitHub commits."
